addr,data
0x000,0xFF
0x001,0x28
0x002,0x30
0x003,0x37
0x004,0x40
0x005,0x26
0x006,0x2D
0x007,0x35
0x008,0xFF
0x009,0x27
0x00A,0x30
0x00B,0x37
0x00C,0x3F
0x00D,0x26
0x00E,0x2C
0x00F,0x35
0x010,0xFF
0x011,0x28
0x012,0x30
0x013,0x36
0x014,0x40
0x015,0x28
0x016,0x2A
0x017,0x34
0x018,0xFF
0x019,0x28
0x01A,0x30
0x01B,0x38
0x01C,0x40
0x01D,0x28
0x01E,0x2C
0x01F,0x34
0x020,0xFF
0x021,0x29
0x022,0x30
0x023,0x37
0x024,0x41
0x025,0x29
0x026,0x2B
0x027,0x35
0x028,0xFF
0x029,0x2B
0x02A,0x34
0x02B,0x3A
0x02C,0x43
0x02D,0x2B
0x02E,0x30
0x02F,0x39
0x030,0xFF
0x031,0x2B
0x032,0x34
0x033,0x3B
0x034,0x43
0x035,0x2B
0x036,0x30
0x037,0x39
0x038,0xFF
0x039,0x2B
0x03A,0x33
0x03B,0x3A
0x03C,0x43
0x03D,0x2B
0x03E,0x30
0x03F,0x39
0x040,0xFF
0x041,0x2B
0x042,0x33
0x043,0x3B
0x044,0x43
0x045,0x2B
0x046,0x30
0x047,0x39
0x048,0xFF
0x049,0x2A
0x04A,0x33
0x04B,0x3A
0x04C,0x42
0x04D,0x2A
0x04E,0x2E
0x04F,0x36
0x050,0xFF
0x051,0x2B
0x052,0x35
0x053,0x3A
0x054,0x43
0x055,0x2B
0x056,0x2E
0x057,0x37
0x058,0xFF
0x059,0x2B
0x05A,0x34
0x05B,0x3E
0x05C,0x40
0x05D,0x2B
0x05E,0x32
0x05F,0x37
0x060,0xFF
0x061,0x2B
0x062,0x33
0x063,0x3E
0x064,0x3F
0x065,0x2B
0x066,0x32
0x067,0x37
0x068,0xFF
0x069,0x2A
0x06A,0x33
0x06B,0x39
0x06C,0x42
0x06D,0x2A
0x06E,0x2D
0x06F,0x36
0x070,0x74
0x071,0x64
0x072,0x75
0x073,0x74
0x074,0x73
0x075,0x75
0x076,0x73
0x077,0xFF
0x078,0xFF
0x079,0xFF
0x07A,0xFF
0x07B,0xFF
0x07C,0xFF
0x07D,0xFF
0x07E,0xFF
0x07F,0xFF
0x080,0xFF
0x081,0xFF
0x082,0xFF
0x083,0x68
0x084,0xFF
0x085,0xFF
0x086,0x40
0x087,0x79
0x088,0x81
0x089,0xD0
0x08A,0x15
0x08B,0xFF
0x08C,0x61
0x08D,0x10
0x08E,0x05
0x08F,0xFF
0x090,0xFF
0x091,0x08
0x092,0x45
0x093,0xFF
0x094,0xFF
0x095,0xD9
0x096,0xFF
0x097,0xFF
0x098,0xFF
0x099,0x70
0x09A,0xFF
0x09B,0xFF
0x09C,0xFF
0x09D,0x80
0x09E,0xFF
0x09F,0xFF
0x0A0,0xFF
0x0A1,0xFF
0x0A2,0xFF
0x0A3,0xFF
0x0A4,0xFF
0x0A5,0xFF
0x0A6,0xC5
0x0A7,0xFF
0x0A8,0xFF
0x0A9,0xFF
0x0AA,0xFF
0x0AB,0xFF
0x0AC,0xFF
0x0AD,0x68
0x0AE,0xFF
0x0AF,0xFF
0x0B0,0xFF
0x0B1,0xFF
0x0B2,0xFF
0x0B3,0xFF
0x0B4,0xFF
0x0B5,0xFF
0x0B6,0xFF
0x0B7,0xFF
0x0B8,0xFF
0x0B9,0xFF
0x0BA,0xFF
0x0BB,0xFF
0x0BC,0xFF
0x0BD,0xFF
0x0BE,0xFF
0x0BF,0xFF
0x0C0,0xFF
0x0C1,0xFF
0x0C2,0xFF
0x0C3,0xFF
0x0C4,0xFF
0x0C5,0xFF
0x0C6,0xB5
0x0C7,0xC9
0x0C8,0xFF
0x0C9,0x58
0x0CA,0xFF
0x0CB,0xFF
0x0CC,0xFF
0x0CD,0x99
0x0CE,0xFF
0x0CF,0xFF
0x0D0,0xFF
0x0D1,0xB8
0x0D2,0xFF
0x0D3,0xFF
0x0D4,0xFF
0x0D5,0xFF
0x0D6,0xFF
0x0D7,0xFF
0x0D8,0xCA
0x0D9,0xFF
0x0DA,0xFF
0x0DB,0xFF
0x0DC,0xFF
0x0DD,0xFF
0x0DE,0xFF
0x0DF,0xFF
0x0E0,0xFF
0x0E1,0xFF
0x0E2,0xFF
0x0E3,0xFF
0x0E4,0xFF
0x0E5,0x75
0x0E6,0xA0
0x0E7,0xFF
0x0E8,0xFF
0x0E9,0xD0
0x0EA,0xFF
0x0EB,0xFF
0x0EC,0x61
0x0ED,0x70
0x0EE,0xFF
0x0EF,0xFF
0x0F0,0xFF
0x0F1,0xFF
0x0F2,0xFF
0x0F3,0xFF
0x0F4,0xFF
0x0F5,0xFF
0x0F6,0xFF
0x0F7,0xFF
0x0F8,0xFF
0x0F9,0xFF
0x0FA,0xFF
0x0FB,0xFF
0x0FC,0xFF
0x0FD,0xFF
0x0FE,0xFF
0x0FF,0xFF
0x100,0xFF
0x101,0xFF
0x102,0xFF
0x103,0xFF
0x104,0xFF
0x105,0x55
0x106,0xFF
0x107,0xFF
0x108,0x81
0x109,0x90
0x10A,0xFF
0x10B,0xFF
0x10C,0xFF
0x10D,0x80
0x10E,0xFF
0x10F,0xFF
0x110,0xFF
0x111,0xFF
0x112,0xFF
0x113,0xFF
0x114,0xFF
0x115,0xFF
0x116,0xFF
0x117,0xFF
0x118,0xFF
0x119,0xFF
0x11A,0xFF
0x11B,0xFF
0x11C,0xFF
0x11D,0xFF
0x11E,0xFF
0x11F,0xFF
0x120,0xFF
0x121,0xFF
0x122,0xFF
0x123,0xFF
0x124,0xFF
0x125,0xA5
0x126,0xFF
0x127,0xFF
0x128,0xFF
0x129,0xFF
0x12A,0xFF
0x12B,0xFF
0x12C,0xCA
0x12D,0xFF
0x12E,0xFF
0x12F,0xFF
0x130,0xFF
0x131,0xFF
0x132,0xFF
0x133,0xFF
0x134,0xFF
0x135,0xFF
0x136,0xFF
0x137,0xFF
0x138,0xFF
0x139,0xFF
0x13A,0xFF
0x13B,0xFF
0x13C,0xFF
0x13D,0xFF
0x13E,0xFF
0x13F,0xFF
0x140,0xFF
0x141,0xFF
0x142,0xFF
0x143,0xFF
0x144,0xFF
0x145,0xFF
0x146,0xFF
0x147,0xFF
0x148,0xFF
0x149,0xFF
0x14A,0xFF
0x14B,0xFF
0x14C,0xFF
0x14D,0xFF
0x14E,0xFF
0x14F,0xFF
0x150,0xFF
0x151,0xFF
0x152,0xFF
0x153,0xFF
0x154,0xFF
0x155,0xFF
0x156,0xFF
0x157,0xFF
0x158,0xFF
0x159,0xFF
0x15A,0xFF
0x15B,0xFF
0x15C,0xFF
0x15D,0xFF
0x15E,0xFF
0x15F,0xFF
0x160,0xFF
0x161,0xFF
0x162,0xFF
0x163,0xFF
0x164,0xFF
0x165,0xFF
0x166,0xFF
0x167,0xFF
0x168,0xFF
0x169,0xFF
0x16A,0xFF
0x16B,0xFF
0x16C,0xFF
0x16D,0xFF
0x16E,0xFF
0x16F,0xFF
0x170,0xFF
0x171,0xFF
0x172,0xFF
0x173,0xFF
0x174,0xFF
0x175,0xFF
0x176,0xFF
0x177,0xFF
0x178,0xFF
0x179,0xFF
0x17A,0xFF
0x17B,0xFF
0x17C,0xFF
0x17D,0xFF
0x17E,0xFF
0x17F,0xFF
0x180,0x12
0x181,0x42
0x182,0xF9
0x183,0x26
0x184,0xBA
0x185,0xAB
0x186,0xE6
0x187,0x6C
0x188,0x31
0x189,0x30
0x18A,0x61
0x18B,0x81
0x18C,0xFB
0x18D,0xC4
0x18E,0xD1
0x18F,0x3F
0x190,0x09
0x191,0x21
0x192,0x7D
0x193,0x13
0x194,0xDD
0x195,0xD4
0x196,0xF3
0x197,0x36
0x198,0x99
0x199,0x18
0x19A,0xB1
0x19B,0xC1
0x19C,0xFE
0x19D,0x62
0x19E,0xE9
0x19F,0x20
0x1A0,0x85
0x1A1,0x10
0x1A2,0xBE
0x1A3,0x89
0x1A4,0x6E
0x1A5,0x6A
0x1A6,0x7A
0x1A7,0x9B
0x1A8,0x0C
0x1A9,0x58
0x1AA,0xB0
0x1AB,0x13
0x1AC,0xFF
0x1AD,0xFF
0x1AE,0xFF
0x1AF,0xFF
0x1B0,0xFF
0x1B1,0xFF
0x1B2,0xFF
0x1B3,0xFF
0x1B4,0xFF
0x1B5,0xFF
0x1B6,0xFF
0x1B7,0xFF
0x1B8,0xFF
0x1B9,0xFF
0x1BA,0xFF
0x1BB,0xFF
0x1BC,0xFF
0x1BD,0xFF
0x1BE,0xFF
0x1BF,0xFF
0x1C0,0xFF
0x1C1,0xFF
0x1C2,0xFF
0x1C3,0xFF
0x1C4,0xFF
0x1C5,0xFF
0x1C6,0xFF
0x1C7,0xFF
0x1C8,0xFF
0x1C9,0xFF
0x1CA,0xFF
0x1CB,0xFF
0x1CC,0xFF
0x1CD,0xFF
0x1CE,0xFF
0x1CF,0xFF
0x1D0,0xFF
0x1D1,0xFF
0x1D2,0xFF
0x1D3,0xFF
0x1D4,0xFF
0x1D5,0xFF
0x1D6,0xFF
0x1D7,0xFF
0x1D8,0xFF
0x1D9,0xFF
0x1DA,0xFF
0x1DB,0xFF
0x1DC,0xFF
0x1DD,0xFF
0x1DE,0xFF
0x1DF,0xFF
0x1E0,0xFF
0x1E1,0xFF
0x1E2,0xFF
0x1E3,0xFF
0x1E4,0xFF
0x1E5,0xFF
0x1E6,0xFF
0x1E7,0xFF
0x1E8,0xFF
0x1E9,0xFF
0x1EA,0xFF
0x1EB,0xFF
0x1EC,0xFF
0x1ED,0xFF
0x1EE,0xFF
0x1EF,0xFF
0x1F0,0xFF
0x1F1,0xFF
0x1F2,0xFF
0x1F3,0xFF
0x1F4,0xFF
0x1F5,0xFF
0x1F6,0xFF
0x1F7,0xFF
0x1F8,0xFF
0x1F9,0xFF
0x1FA,0xFF
0x1FB,0xFF
0x1FC,0xFF
0x1FD,0xFF
0x1FE,0xFF
0x1FF,0xFF
0x200,0xFF
0x201,0x28
0x202,0x30
0x203,0x37
0x204,0x40
0x205,0x26
0x206,0x2D
0x207,0x35
0x208,0xFF
0x209,0x27
0x20A,0x30
0x20B,0x37
0x20C,0x3F
0x20D,0x26
0x20E,0x2C
0x20F,0x35
0x210,0xFF
0x211,0x28
0x212,0x30
0x213,0x36
0x214,0x40
0x215,0x28
0x216,0x2A
0x217,0x34
0x218,0xFF
0x219,0x28
0x21A,0x30
0x21B,0x38
0x21C,0x40
0x21D,0x28
0x21E,0x2C
0x21F,0x34
0x220,0xFF
0x221,0x29
0x222,0x30
0x223,0x37
0x224,0x41
0x225,0x29
0x226,0x2B
0x227,0x35
0x228,0xFF
0x229,0x2B
0x22A,0x34
0x22B,0x3A
0x22C,0x43
0x22D,0x2B
0x22E,0x30
0x22F,0x39
0x230,0xFF
0x231,0x2B
0x232,0x34
0x233,0x3B
0x234,0x43
0x235,0x2B
0x236,0x30
0x237,0x39
0x238,0xFF
0x239,0x2B
0x23A,0x33
0x23B,0x3A
0x23C,0x43
0x23D,0x2B
0x23E,0x30
0x23F,0x39
0x240,0xFF
0x241,0x2B
0x242,0x33
0x243,0x3B
0x244,0x43
0x245,0x2B
0x246,0x30
0x247,0x39
0x248,0xFF
0x249,0x2A
0x24A,0x33
0x24B,0x3A
0x24C,0x42
0x24D,0x2A
0x24E,0x2E
0x24F,0x36
0x250,0xFF
0x251,0x2B
0x252,0x35
0x253,0x3A
0x254,0x43
0x255,0x2B
0x256,0x2E
0x257,0x37
0x258,0xFF
0x259,0x2B
0x25A,0x34
0x25B,0x3E
0x25C,0x40
0x25D,0x2B
0x25E,0x32
0x25F,0x37
0x260,0xFF
0x261,0x2B
0x262,0x33
0x263,0x3E
0x264,0x3F
0x265,0x2B
0x266,0x32
0x267,0x37
0x268,0xFF
0x269,0x2A
0x26A,0x33
0x26B,0x39
0x26C,0x42
0x26D,0x2A
0x26E,0x2D
0x26F,0x36
0x270,0x74
0x271,0x64
0x272,0x75
0x273,0x74
0x274,0x73
0x275,0x75
0x276,0x73
0x277,0xFF
0x278,0xFF
0x279,0xFF
0x27A,0xFF
0x27B,0xFF
0x27C,0xFF
0x27D,0xFF
0x27E,0xFF
0x27F,0xFF
0x280,0xFF
0x281,0xFF
0x282,0xFF
0x283,0x68
0x284,0xFF
0x285,0xFF
0x286,0x40
0x287,0x79
0x288,0x81
0x289,0xD0
0x28A,0x15
0x28B,0xFF
0x28C,0x61
0x28D,0x10
0x28E,0x05
0x28F,0xFF
0x290,0xFF
0x291,0x08
0x292,0x45
0x293,0xFF
0x294,0xFF
0x295,0xD9
0x296,0xFF
0x297,0xFF
0x298,0xFF
0x299,0x70
0x29A,0xFF
0x29B,0xFF
0x29C,0xFF
0x29D,0x80
0x29E,0xFF
0x29F,0xFF
0x2A0,0xFF
0x2A1,0xFF
0x2A2,0xFF
0x2A3,0xFF
0x2A4,0xFF
0x2A5,0xFF
0x2A6,0xC5
0x2A7,0xFF
0x2A8,0xFF
0x2A9,0xFF
0x2AA,0xFF
0x2AB,0xFF
0x2AC,0xFF
0x2AD,0x68
0x2AE,0xFF
0x2AF,0xFF
0x2B0,0xFF
0x2B1,0xFF
0x2B2,0xFF
0x2B3,0xFF
0x2B4,0xFF
0x2B5,0xFF
0x2B6,0xFF
0x2B7,0xFF
0x2B8,0xFF
0x2B9,0xFF
0x2BA,0xFF
0x2BB,0xFF
0x2BC,0xFF
0x2BD,0xFF
0x2BE,0xFF
0x2BF,0xFF
0x2C0,0xFF
0x2C1,0xFF
0x2C2,0xFF
0x2C3,0xFF
0x2C4,0xFF
0x2C5,0xFF
0x2C6,0xB5
0x2C7,0xC9
0x2C8,0xFF
0x2C9,0x58
0x2CA,0xFF
0x2CB,0xFF
0x2CC,0xFF
0x2CD,0x99
0x2CE,0xFF
0x2CF,0xFF
0x2D0,0xFF
0x2D1,0xB8
0x2D2,0xFF
0x2D3,0xFF
0x2D4,0xFF
0x2D5,0xFF
0x2D6,0xFF
0x2D7,0xFF
0x2D8,0xCA
0x2D9,0xFF
0x2DA,0xFF
0x2DB,0xFF
0x2DC,0xFF
0x2DD,0xFF
0x2DE,0xFF
0x2DF,0xFF
0x2E0,0xFF
0x2E1,0xFF
0x2E2,0xFF
0x2E3,0xFF
0x2E4,0xFF
0x2E5,0x75
0x2E6,0xA0
0x2E7,0xFF
0x2E8,0xFF
0x2E9,0xD0
0x2EA,0xFF
0x2EB,0xFF
0x2EC,0x61
0x2ED,0x70
0x2EE,0xFF
0x2EF,0xFF
0x2F0,0xFF
0x2F1,0xFF
0x2F2,0xFF
0x2F3,0xFF
0x2F4,0xFF
0x2F5,0xFF
0x2F6,0xFF
0x2F7,0xFF
0x2F8,0xFF
0x2F9,0xFF
0x2FA,0xFF
0x2FB,0xFF
0x2FC,0xFF
0x2FD,0xFF
0x2FE,0xFF
0x2FF,0xFF
0x300,0xFF
0x301,0xFF
0x302,0xFF
0x303,0xFF
0x304,0xFF
0x305,0x55
0x306,0xFF
0x307,0xFF
0x308,0x81
0x309,0x90
0x30A,0xFF
0x30B,0xFF
0x30C,0xFF
0x30D,0x80
0x30E,0xFF
0x30F,0xFF
0x310,0xFF
0x311,0xFF
0x312,0xFF
0x313,0xFF
0x314,0xFF
0x315,0xFF
0x316,0xFF
0x317,0xFF
0x318,0xFF
0x319,0xFF
0x31A,0xFF
0x31B,0xFF
0x31C,0xFF
0x31D,0xFF
0x31E,0xFF
0x31F,0xFF
0x320,0xFF
0x321,0xFF
0x322,0xFF
0x323,0xFF
0x324,0xFF
0x325,0xA5
0x326,0xFF
0x327,0xFF
0x328,0xFF
0x329,0xFF
0x32A,0xFF
0x32B,0xFF
0x32C,0xCA
0x32D,0xFF
0x32E,0xFF
0x32F,0xFF
0x330,0xFF
0x331,0xFF
0x332,0xFF
0x333,0xFF
0x334,0xFF
0x335,0xFF
0x336,0xFF
0x337,0xFF
0x338,0xFF
0x339,0xFF
0x33A,0xFF
0x33B,0xFF
0x33C,0xFF
0x33D,0xFF
0x33E,0xFF
0x33F,0xFF
0x340,0xFF
0x341,0xFF
0x342,0xFF
0x343,0xFF
0x344,0xFF
0x345,0xFF
0x346,0xFF
0x347,0xFF
0x348,0xFF
0x349,0xFF
0x34A,0xFF
0x34B,0xFF
0x34C,0xFF
0x34D,0xFF
0x34E,0xFF
0x34F,0xFF
0x350,0xFF
0x351,0xFF
0x352,0xFF
0x353,0xFF
0x354,0xFF
0x355,0xFF
0x356,0xFF
0x357,0xFF
0x358,0xFF
0x359,0xFF
0x35A,0xFF
0x35B,0xFF
0x35C,0xFF
0x35D,0xFF
0x35E,0xFF
0x35F,0xFF
0x360,0xFF
0x361,0xFF
0x362,0xFF
0x363,0xFF
0x364,0xFF
0x365,0xFF
0x366,0xFF
0x367,0xFF
0x368,0xFF
0x369,0xFF
0x36A,0xFF
0x36B,0xFF
0x36C,0xFF
0x36D,0xFF
0x36E,0xFF
0x36F,0xFF
0x370,0xFF
0x371,0xFF
0x372,0xFF
0x373,0xFF
0x374,0xFF
0x375,0xFF
0x376,0xFF
0x377,0xFF
0x378,0xFF
0x379,0xFF
0x37A,0xFF
0x37B,0xFF
0x37C,0xFF
0x37D,0xFF
0x37E,0xFF
0x37F,0xFF
0x380,0x12
0x381,0x42
0x382,0xF9
0x383,0x26
0x384,0xBA
0x385,0xAB
0x386,0xE6
0x387,0x6C
0x388,0x31
0x389,0x30
0x38A,0x61
0x38B,0x81
0x38C,0xFB
0x38D,0xC4
0x38E,0xD1
0x38F,0x3F
0x390,0x09
0x391,0x21
0x392,0x7D
0x393,0x13
0x394,0xDD
0x395,0xD4
0x396,0xF3
0x397,0x36
0x398,0x99
0x399,0x18
0x39A,0xB1
0x39B,0xC1
0x39C,0xFE
0x39D,0x62
0x39E,0xE9
0x39F,0x20
0x3A0,0x85
0x3A1,0x10
0x3A2,0xBE
0x3A3,0x89
0x3A4,0x6E
0x3A5,0x6A
0x3A6,0x7A
0x3A7,0x9B
0x3A8,0x0C
0x3A9,0x58
0x3AA,0xB0
0x3AB,0x13
0x3AC,0xFF
0x3AD,0xFF
0x3AE,0xFF
0x3AF,0xFF
0x3B0,0xFF
0x3B1,0xFF
0x3B2,0xFF
0x3B3,0xFF
0x3B4,0xFF
0x3B5,0xFF
0x3B6,0xFF
0x3B7,0xFF
0x3B8,0xFF
0x3B9,0xFF
0x3BA,0xFF
0x3BB,0xFF
0x3BC,0xFF
0x3BD,0xFF
0x3BE,0xFF
0x3BF,0xFF
0x3C0,0xFF
0x3C1,0xFF
0x3C2,0xFF
0x3C3,0xFF
0x3C4,0xFF
0x3C5,0xFF
0x3C6,0xFF
0x3C7,0xFF
0x3C8,0xFF
0x3C9,0xFF
0x3CA,0xFF
0x3CB,0xFF
0x3CC,0xFF
0x3CD,0xFF
0x3CE,0xFF
0x3CF,0xFF
0x3D0,0xFF
0x3D1,0xFF
0x3D2,0xFF
0x3D3,0xFF
0x3D4,0xFF
0x3D5,0xFF
0x3D6,0xFF
0x3D7,0xFF
0x3D8,0xFF
0x3D9,0xFF
0x3DA,0xFF
0x3DB,0xFF
0x3DC,0xFF
0x3DD,0xFF
0x3DE,0xFF
0x3DF,0xFF
0x3E0,0xFF
0x3E1,0xFF
0x3E2,0xFF
0x3E3,0xFF
0x3E4,0xFF
0x3E5,0xFF
0x3E6,0xFF
0x3E7,0xFF
0x3E8,0xFF
0x3E9,0xFF
0x3EA,0xFF
0x3EB,0xFF
0x3EC,0xFF
0x3ED,0xFF
0x3EE,0xFF
0x3EF,0xFF
0x3F0,0xFF
0x3F1,0xFF
0x3F2,0xFF
0x3F3,0xFF
0x3F4,0xFF
0x3F5,0xFF
0x3F6,0xFF
0x3F7,0xFF
0x3F8,0xFF
0x3F9,0xFF
0x3FA,0xFF
0x3FB,0xFF
0x3FC,0xFF
0x3FD,0xFF
0x3FE,0xFF
0x3FF,0xFF
0x400,0xFF
0x401,0xFF
0x402,0xFF
0x403,0xFF
0x404,0xFF
0x405,0xFF
0x406,0xFF
0x407,0xFF
0x408,0xFF
0x409,0xFF
0x40A,0xFF
0x40B,0xFF
0x40C,0xFF
0x40D,0xFF
0x40E,0xFF
0x40F,0xFF
0x410,0xFF
0x411,0xFF
0x412,0xFF
0x413,0xFF
0x414,0xFF
0x415,0xFF
0x416,0xFF
0x417,0xFF
0x418,0xFF
0x419,0xFF
0x41A,0xFF
0x41B,0xFF
0x41C,0xFF
0x41D,0xFF
0x41E,0xFF
0x41F,0xFF
0x420,0xFF
0x421,0xFF
0x422,0xFF
0x423,0xFF
0x424,0xFF
0x425,0xFF
0x426,0xFF
0x427,0xFF
0x428,0xFF
0x429,0xFF
0x42A,0xFF
0x42B,0xFF
0x42C,0xFF
0x42D,0xFF
0x42E,0xFF
0x42F,0xFF
0x430,0xFF
0x431,0xFF
0x432,0xFF
0x433,0xFF
0x434,0xFF
0x435,0xFF
0x436,0xFF
0x437,0xFF
0x438,0xFF
0x439,0xFF
0x43A,0xFF
0x43B,0xFF
0x43C,0xFF
0x43D,0xFF
0x43E,0xFF
0x43F,0xFF
0x440,0xFF
0x441,0xFF
0x442,0xFF
0x443,0xFF
0x444,0xFF
0x445,0xFF
0x446,0xFF
0x447,0xFF
0x448,0xFF
0x449,0xFF
0x44A,0xFF
0x44B,0xFF
0x44C,0xFF
0x44D,0xFF
0x44E,0xFF
0x44F,0xFF
0x450,0xFF
0x451,0xFF
0x452,0xFF
0x453,0xFF
0x454,0xFF
0x455,0xFF
0x456,0xFF
0x457,0xFF
0x458,0xFF
0x459,0xFF
0x45A,0xFF
0x45B,0xFF
0x45C,0xFF
0x45D,0xFF
0x45E,0xFF
0x45F,0xFF
0x460,0xFF
0x461,0xFF
0x462,0xFF
0x463,0xFF
0x464,0xFF
0x465,0xFF
0x466,0xFF
0x467,0xFF
0x468,0xFF
0x469,0xFF
0x46A,0xFF
0x46B,0xFF
0x46C,0xFF
0x46D,0xFF
0x46E,0xFF
0x46F,0xFF
0x470,0xFF
0x471,0xFF
0x472,0xFF
0x473,0xFF
0x474,0xFF
0x475,0xFF
0x476,0xFF
0x477,0xFF
0x478,0xFF
0x479,0xFF
0x47A,0xFF
0x47B,0xFF
0x47C,0xFF
0x47D,0xFF
0x47E,0xFF
0x47F,0xFF
0x480,0xFF
0x481,0xFF
0x482,0xFF
0x483,0xFF
0x484,0xFF
0x485,0xFF
0x486,0xFF
0x487,0xFF
0x488,0xFF
0x489,0xFF
0x48A,0xFF
0x48B,0xFF
0x48C,0xFF
0x48D,0xFF
0x48E,0xFF
0x48F,0xFF
0x490,0xFF
0x491,0xFF
0x492,0xFF
0x493,0xFF
0x494,0xFF
0x495,0xFF
0x496,0xFF
0x497,0xFF
0x498,0xFF
0x499,0xFF
0x49A,0xFF
0x49B,0xFF
0x49C,0xFF
0x49D,0xFF
0x49E,0xFF
0x49F,0xFF
0x4A0,0xFF
0x4A1,0xFF
0x4A2,0xFF
0x4A3,0xFF
0x4A4,0xFF
0x4A5,0xFF
0x4A6,0xFF
0x4A7,0xFF
0x4A8,0xFF
0x4A9,0xFF
0x4AA,0xFF
0x4AB,0xFF
0x4AC,0xFF
0x4AD,0xFF
0x4AE,0xFF
0x4AF,0xFF
0x4B0,0xFF
0x4B1,0xFF
0x4B2,0xFF
0x4B3,0xFF
0x4B4,0xFF
0x4B5,0xFF
0x4B6,0xFF
0x4B7,0xFF
0x4B8,0xFF
0x4B9,0xFF
0x4BA,0xFF
0x4BB,0xFF
0x4BC,0xFF
0x4BD,0xFF
0x4BE,0xFF
0x4BF,0xFF
0x4C0,0xFF
0x4C1,0xFF
0x4C2,0xFF
0x4C3,0xFF
0x4C4,0xFF
0x4C5,0xFF
0x4C6,0xFF
0x4C7,0xFF
0x4C8,0xFF
0x4C9,0xFF
0x4CA,0xFF
0x4CB,0xFF
0x4CC,0xFF
0x4CD,0xFF
0x4CE,0xFF
0x4CF,0xFF
0x4D0,0xFF
0x4D1,0xFF
0x4D2,0xFF
0x4D3,0xFF
0x4D4,0xFF
0x4D5,0xFF
0x4D6,0xFF
0x4D7,0xFF
0x4D8,0xFF
0x4D9,0xFF
0x4DA,0xFF
0x4DB,0xFF
0x4DC,0xFF
0x4DD,0xFF
0x4DE,0xFF
0x4DF,0xFF
0x4E0,0xFF
0x4E1,0xFF
0x4E2,0xFF
0x4E3,0xFF
0x4E4,0xFF
0x4E5,0xFF
0x4E6,0xFF
0x4E7,0xFF
0x4E8,0xFF
0x4E9,0xFF
0x4EA,0xFF
0x4EB,0xFF
0x4EC,0xFF
0x4ED,0xFF
0x4EE,0xFF
0x4EF,0xFF
0x4F0,0xFF
0x4F1,0xFF
0x4F2,0xFF
0x4F3,0xFF
0x4F4,0xFF
0x4F5,0xFF
0x4F6,0xFF
0x4F7,0xFF
0x4F8,0xFF
0x4F9,0xFF
0x4FA,0xFF
0x4FB,0xFF
0x4FC,0xFF
0x4FD,0xFF
0x4FE,0xFF
0x4FF,0xFF
0x500,0xFF
0x501,0xFF
0x502,0xFF
0x503,0xFF
0x504,0xFF
0x505,0xFF
0x506,0xFF
0x507,0xFF
0x508,0xFF
0x509,0xFF
0x50A,0xFF
0x50B,0xFF
0x50C,0xFF
0x50D,0xFF
0x50E,0xFF
0x50F,0xFF
0x510,0xFF
0x511,0xFF
0x512,0xFF
0x513,0xFF
0x514,0xFF
0x515,0xFF
0x516,0xFF
0x517,0xFF
0x518,0xFF
0x519,0xFF
0x51A,0xFF
0x51B,0xFF
0x51C,0xFF
0x51D,0xFF
0x51E,0xFF
0x51F,0xFF
0x520,0xFF
0x521,0xFF
0x522,0xFF
0x523,0xFF
0x524,0xFF
0x525,0xFF
0x526,0xFF
0x527,0xFF
0x528,0xFF
0x529,0xFF
0x52A,0xFF
0x52B,0xFF
0x52C,0xFF
0x52D,0xFF
0x52E,0xFF
0x52F,0xFF
0x530,0xFF
0x531,0xFF
0x532,0xFF
0x533,0xFF
0x534,0xFF
0x535,0xFF
0x536,0xFF
0x537,0xFF
0x538,0xFF
0x539,0xFF
0x53A,0xFF
0x53B,0xFF
0x53C,0xFF
0x53D,0xFF
0x53E,0xFF
0x53F,0xFF
0x540,0xFF
0x541,0xFF
0x542,0xFF
0x543,0xFF
0x544,0xFF
0x545,0xFF
0x546,0xFF
0x547,0xFF
0x548,0xFF
0x549,0xFF
0x54A,0xFF
0x54B,0xFF
0x54C,0xFF
0x54D,0xFF
0x54E,0xFF
0x54F,0xFF
0x550,0xFF
0x551,0xFF
0x552,0xFF
0x553,0xFF
0x554,0xFF
0x555,0xFF
0x556,0xFF
0x557,0xFF
0x558,0xFF
0x559,0xFF
0x55A,0xFF
0x55B,0xFF
0x55C,0xFF
0x55D,0xFF
0x55E,0xFF
0x55F,0xFF
0x560,0xFF
0x561,0xFF
0x562,0xFF
0x563,0xFF
0x564,0xFF
0x565,0xFF
0x566,0xFF
0x567,0xFF
0x568,0xFF
0x569,0xFF
0x56A,0xFF
0x56B,0xFF
0x56C,0xFF
0x56D,0xFF
0x56E,0xFF
0x56F,0xFF
0x570,0xFF
0x571,0xFF
0x572,0xFF
0x573,0xFF
0x574,0xFF
0x575,0xFF
0x576,0xFF
0x577,0xFF
0x578,0xFF
0x579,0xFF
0x57A,0xFF
0x57B,0xFF
0x57C,0xFF
0x57D,0xFF
0x57E,0xFF
0x57F,0xFF
0x580,0xFF
0x581,0xFF
0x582,0xFF
0x583,0xFF
0x584,0xFF
0x585,0xFF
0x586,0xFF
0x587,0xFF
0x588,0xFF
0x589,0xFF
0x58A,0xFF
0x58B,0xFF
0x58C,0xFF
0x58D,0xFF
0x58E,0xFF
0x58F,0xFF
0x590,0xFF
0x591,0xFF
0x592,0xFF
0x593,0xFF
0x594,0xFF
0x595,0xFF
0x596,0xFF
0x597,0xFF
0x598,0xFF
0x599,0xFF
0x59A,0xFF
0x59B,0xFF
0x59C,0xFF
0x59D,0xFF
0x59E,0xFF
0x59F,0xFF
0x5A0,0xFF
0x5A1,0xFF
0x5A2,0xFF
0x5A3,0xFF
0x5A4,0xFF
0x5A5,0xFF
0x5A6,0xFF
0x5A7,0xFF
0x5A8,0xFF
0x5A9,0xFF
0x5AA,0xFF
0x5AB,0xFF
0x5AC,0xFF
0x5AD,0xFF
0x5AE,0xFF
0x5AF,0xFF
0x5B0,0xFF
0x5B1,0xFF
0x5B2,0xFF
0x5B3,0xFF
0x5B4,0xFF
0x5B5,0xFF
0x5B6,0xFF
0x5B7,0xFF
0x5B8,0xFF
0x5B9,0xFF
0x5BA,0xFF
0x5BB,0xFF
0x5BC,0xFF
0x5BD,0xFF
0x5BE,0xFF
0x5BF,0xFF
0x5C0,0xFF
0x5C1,0xFF
0x5C2,0xFF
0x5C3,0xFF
0x5C4,0xFF
0x5C5,0xFF
0x5C6,0xFF
0x5C7,0xFF
0x5C8,0xFF
0x5C9,0xFF
0x5CA,0xFF
0x5CB,0xFF
0x5CC,0xFF
0x5CD,0xFF
0x5CE,0xFF
0x5CF,0xFF
0x5D0,0xFF
0x5D1,0xFF
0x5D2,0xFF
0x5D3,0xFF
0x5D4,0xFF
0x5D5,0xFF
0x5D6,0xFF
0x5D7,0xFF
0x5D8,0xFF
0x5D9,0xFF
0x5DA,0xFF
0x5DB,0xFF
0x5DC,0xFF
0x5DD,0xFF
0x5DE,0xFF
0x5DF,0xFF
0x5E0,0xFF
0x5E1,0xFF
0x5E2,0xFF
0x5E3,0xFF
0x5E4,0xFF
0x5E5,0xFF
0x5E6,0xFF
0x5E7,0xFF
0x5E8,0xFF
0x5E9,0xFF
0x5EA,0xFF
0x5EB,0xFF
0x5EC,0xFF
0x5ED,0xFF
0x5EE,0xFF
0x5EF,0xFF
0x5F0,0xFF
0x5F1,0xFF
0x5F2,0xFF
0x5F3,0xFF
0x5F4,0xFF
0x5F5,0xFF
0x5F6,0xFF
0x5F7,0xFF
0x5F8,0xFF
0x5F9,0xFF
0x5FA,0xFF
0x5FB,0xFF
0x5FC,0xFF
0x5FD,0xFF
0x5FE,0xFF
0x5FF,0xFF
0x600,0xFF
0x601,0xFF
0x602,0xFF
0x603,0xFF
0x604,0xFF
0x605,0xFF
0x606,0xFF
0x607,0xFF
0x608,0xFF
0x609,0xFF
0x60A,0xFF
0x60B,0xFF
0x60C,0xFF
0x60D,0xFF
0x60E,0xFF
0x60F,0xFF
0x610,0xFF
0x611,0xFF
0x612,0xFF
0x613,0xFF
0x614,0xFF
0x615,0xFF
0x616,0xFF
0x617,0xFF
0x618,0xFF
0x619,0xFF
0x61A,0xFF
0x61B,0xFF
0x61C,0xFF
0x61D,0xFF
0x61E,0xFF
0x61F,0xFF
0x620,0xFF
0x621,0xFF
0x622,0xFF
0x623,0xFF
0x624,0xFF
0x625,0xFF
0x626,0xFF
0x627,0xFF
0x628,0xFF
0x629,0xFF
0x62A,0xFF
0x62B,0xFF
0x62C,0xFF
0x62D,0xFF
0x62E,0xFF
0x62F,0xFF
0x630,0xFF
0x631,0xFF
0x632,0xFF
0x633,0xFF
0x634,0xFF
0x635,0xFF
0x636,0xFF
0x637,0xFF
0x638,0xFF
0x639,0xFF
0x63A,0xFF
0x63B,0xFF
0x63C,0xFF
0x63D,0xFF
0x63E,0xFF
0x63F,0xFF
0x640,0xFF
0x641,0xFF
0x642,0xFF
0x643,0xFF
0x644,0xFF
0x645,0xFF
0x646,0xFF
0x647,0xFF
0x648,0xFF
0x649,0xFF
0x64A,0xFF
0x64B,0xFF
0x64C,0xFF
0x64D,0xFF
0x64E,0xFF
0x64F,0xFF
0x650,0xFF
0x651,0xFF
0x652,0xFF
0x653,0xFF
0x654,0xFF
0x655,0xFF
0x656,0xFF
0x657,0xFF
0x658,0xFF
0x659,0xFF
0x65A,0xFF
0x65B,0xFF
0x65C,0xFF
0x65D,0xFF
0x65E,0xFF
0x65F,0xFF
0x660,0xFF
0x661,0xFF
0x662,0xFF
0x663,0xFF
0x664,0xFF
0x665,0xFF
0x666,0xFF
0x667,0xFF
0x668,0xFF
0x669,0xFF
0x66A,0xFF
0x66B,0xFF
0x66C,0xFF
0x66D,0xFF
0x66E,0xFF
0x66F,0xFF
0x670,0xFF
0x671,0xFF
0x672,0xFF
0x673,0xFF
0x674,0xFF
0x675,0xFF
0x676,0xFF
0x677,0xFF
0x678,0xFF
0x679,0xFF
0x67A,0xFF
0x67B,0xFF
0x67C,0xFF
0x67D,0xFF
0x67E,0xFF
0x67F,0xFF
0x680,0xFF
0x681,0xFF
0x682,0xFF
0x683,0xFF
0x684,0xFF
0x685,0xFF
0x686,0xFF
0x687,0xFF
0x688,0xFF
0x689,0xFF
0x68A,0xFF
0x68B,0xFF
0x68C,0xFF
0x68D,0xFF
0x68E,0xFF
0x68F,0xFF
0x690,0xFF
0x691,0xFF
0x692,0xFF
0x693,0xFF
0x694,0xFF
0x695,0xFF
0x696,0xFF
0x697,0xFF
0x698,0xFF
0x699,0xFF
0x69A,0xFF
0x69B,0xFF
0x69C,0xFF
0x69D,0xFF
0x69E,0xFF
0x69F,0xFF
0x6A0,0xFF
0x6A1,0xFF
0x6A2,0xFF
0x6A3,0xFF
0x6A4,0xFF
0x6A5,0xFF
0x6A6,0xFF
0x6A7,0xFF
0x6A8,0xFF
0x6A9,0xFF
0x6AA,0xFF
0x6AB,0xFF
0x6AC,0xFF
0x6AD,0xFF
0x6AE,0xFF
0x6AF,0xFF
0x6B0,0xFF
0x6B1,0xFF
0x6B2,0xFF
0x6B3,0xFF
0x6B4,0xFF
0x6B5,0xFF
0x6B6,0xFF
0x6B7,0xFF
0x6B8,0xFF
0x6B9,0xFF
0x6BA,0xFF
0x6BB,0xFF
0x6BC,0xFF
0x6BD,0xFF
0x6BE,0xFF
0x6BF,0xFF
0x6C0,0xFF
0x6C1,0xFF
0x6C2,0xFF
0x6C3,0xFF
0x6C4,0xFF
0x6C5,0xFF
0x6C6,0xFF
0x6C7,0xFF
0x6C8,0xFF
0x6C9,0xFF
0x6CA,0xFF
0x6CB,0xFF
0x6CC,0xFF
0x6CD,0xFF
0x6CE,0xFF
0x6CF,0xFF
0x6D0,0xFF
0x6D1,0xFF
0x6D2,0xFF
0x6D3,0xFF
0x6D4,0xFF
0x6D5,0xFF
0x6D6,0xFF
0x6D7,0xFF
0x6D8,0xFF
0x6D9,0xFF
0x6DA,0xFF
0x6DB,0xFF
0x6DC,0xFF
0x6DD,0xFF
0x6DE,0xFF
0x6DF,0xFF
0x6E0,0xFF
0x6E1,0xFF
0x6E2,0xFF
0x6E3,0xFF
0x6E4,0xFF
0x6E5,0xFF
0x6E6,0xFF
0x6E7,0xFF
0x6E8,0xFF
0x6E9,0xFF
0x6EA,0xFF
0x6EB,0xFF
0x6EC,0xFF
0x6ED,0xFF
0x6EE,0xFF
0x6EF,0xFF
0x6F0,0xFF
0x6F1,0xFF
0x6F2,0xFF
0x6F3,0xFF
0x6F4,0xFF
0x6F5,0xFF
0x6F6,0xFF
0x6F7,0xFF
0x6F8,0xFF
0x6F9,0xFF
0x6FA,0xFF
0x6FB,0xFF
0x6FC,0xFF
0x6FD,0xFF
0x6FE,0xFF
0x6FF,0xFF
0x700,0xFF
0x701,0xFF
0x702,0xFF
0x703,0xFF
0x704,0xFF
0x705,0xFF
0x706,0xFF
0x707,0xFF
0x708,0xFF
0x709,0xFF
0x70A,0xFF
0x70B,0xFF
0x70C,0xFF
0x70D,0xFF
0x70E,0xFF
0x70F,0xFF
0x710,0xFF
0x711,0xFF
0x712,0xFF
0x713,0xFF
0x714,0xFF
0x715,0xFF
0x716,0xFF
0x717,0xFF
0x718,0xFF
0x719,0xFF
0x71A,0xFF
0x71B,0xFF
0x71C,0xFF
0x71D,0xFF
0x71E,0xFF
0x71F,0xFF
0x720,0xFF
0x721,0xFF
0x722,0xFF
0x723,0xFF
0x724,0xFF
0x725,0xFF
0x726,0xFF
0x727,0xFF
0x728,0xFF
0x729,0xFF
0x72A,0xFF
0x72B,0xFF
0x72C,0xFF
0x72D,0xFF
0x72E,0xFF
0x72F,0xFF
0x730,0xFF
0x731,0xFF
0x732,0xFF
0x733,0xFF
0x734,0xFF
0x735,0xFF
0x736,0xFF
0x737,0xFF
0x738,0xFF
0x739,0xFF
0x73A,0xFF
0x73B,0xFF
0x73C,0xFF
0x73D,0xFF
0x73E,0xFF
0x73F,0xFF
0x740,0xFF
0x741,0xFF
0x742,0xFF
0x743,0xFF
0x744,0xFF
0x745,0xFF
0x746,0xFF
0x747,0xFF
0x748,0xFF
0x749,0xFF
0x74A,0xFF
0x74B,0xFF
0x74C,0xFF
0x74D,0xFF
0x74E,0xFF
0x74F,0xFF
0x750,0xFF
0x751,0xFF
0x752,0xFF
0x753,0xFF
0x754,0xFF
0x755,0xFF
0x756,0xFF
0x757,0xFF
0x758,0xFF
0x759,0xFF
0x75A,0xFF
0x75B,0xFF
0x75C,0xFF
0x75D,0xFF
0x75E,0xFF
0x75F,0xFF
0x760,0xFF
0x761,0xFF
0x762,0xFF
0x763,0xFF
0x764,0xFF
0x765,0xFF
0x766,0xFF
0x767,0xFF
0x768,0xFF
0x769,0xFF
0x76A,0xFF
0x76B,0xFF
0x76C,0xFF
0x76D,0xFF
0x76E,0xFF
0x76F,0xFF
0x770,0xFF
0x771,0xFF
0x772,0xFF
0x773,0xFF
0x774,0xFF
0x775,0xFF
0x776,0xFF
0x777,0xFF
0x778,0xFF
0x779,0xFF
0x77A,0xFF
0x77B,0xFF
0x77C,0xFF
0x77D,0xFF
0x77E,0xFF
0x77F,0xFF
0x780,0xFF
0x781,0xFF
0x782,0xFF
0x783,0xFF
0x784,0xFF
0x785,0xFF
0x786,0xFF
0x787,0xFF
0x788,0xFF
0x789,0xFF
0x78A,0xFF
0x78B,0xFF
0x78C,0xFF
0x78D,0xFF
0x78E,0xFF
0x78F,0xFF
0x790,0xFF
0x791,0xFF
0x792,0xFF
0x793,0xFF
0x794,0xFF
0x795,0xFF
0x796,0xFF
0x797,0xFF
0x798,0xFF
0x799,0xFF
0x79A,0xFF
0x79B,0xFF
0x79C,0xFF
0x79D,0xFF
0x79E,0xFF
0x79F,0xFF
0x7A0,0xFF
0x7A1,0xFF
0x7A2,0xFF
0x7A3,0xFF
0x7A4,0xFF
0x7A5,0xFF
0x7A6,0xFF
0x7A7,0xFF
0x7A8,0xFF
0x7A9,0xFF
0x7AA,0xFF
0x7AB,0xFF
0x7AC,0xFF
0x7AD,0xFF
0x7AE,0xFF
0x7AF,0xFF
0x7B0,0xFF
0x7B1,0xFF
0x7B2,0xFF
0x7B3,0xFF
0x7B4,0xFF
0x7B5,0xFF
0x7B6,0xFF
0x7B7,0xFF
0x7B8,0xFF
0x7B9,0xFF
0x7BA,0xFF
0x7BB,0xFF
0x7BC,0xFF
0x7BD,0xFF
0x7BE,0xFF
0x7BF,0xFF
0x7C0,0xFF
0x7C1,0xFF
0x7C2,0xFF
0x7C3,0xFF
0x7C4,0xFF
0x7C5,0xFF
0x7C6,0xFF
0x7C7,0xFF
0x7C8,0xFF
0x7C9,0xFF
0x7CA,0xFF
0x7CB,0xFF
0x7CC,0xFF
0x7CD,0xFF
0x7CE,0xFF
0x7CF,0xFF
0x7D0,0xFF
0x7D1,0xFF
0x7D2,0xFF
0x7D3,0xFF
0x7D4,0xFF
0x7D5,0xFF
0x7D6,0xFF
0x7D7,0xFF
0x7D8,0xFF
0x7D9,0xFF
0x7DA,0xFF
0x7DB,0xFF
0x7DC,0xFF
0x7DD,0xFF
0x7DE,0xFF
0x7DF,0xFF
0x7E0,0xFF
0x7E1,0xFF
0x7E2,0xFF
0x7E3,0xFF
0x7E4,0xFF
0x7E5,0xFF
0x7E6,0xFF
0x7E7,0xFF
0x7E8,0xFF
0x7E9,0xFF
0x7EA,0xFF
0x7EB,0xFF
0x7EC,0xFF
0x7ED,0xFF
0x7EE,0xFF
0x7EF,0xFF
0x7F0,0xFF
0x7F1,0xFF
0x7F2,0xFF
0x7F3,0xFF
0x7F4,0xFF
0x7F5,0xFF
0x7F6,0xFF
0x7F7,0xFF
0x7F8,0xFF
0x7F9,0xFF
0x7FA,0xFF
0x7FB,0xFF
0x7FC,0xFF
0x7FD,0xFF
0x7FE,0xFF
0x7FF,0xFF
0x800,0x00
0x801,0x00
0x802,0x01
0x803,0x4F
0x804,0x01
0x805,0x4E
0x806,0x01
0x807,0x4D
0x808,0x01
0x809,0x4C
0x80A,0x01
0x80B,0x4B
0x80C,0x01
0x80D,0x4A
0x80E,0x01
0x80F,0x49
0x810,0x01
0x811,0x48
0x812,0x01
0x813,0x47
0x814,0x01
0x815,0x46
0x816,0x01
0x817,0x45
0x818,0x01
0x819,0x44
0x81A,0x01
0x81B,0x43
0x81C,0x01
0x81D,0x42
0x81E,0x01
0x81F,0x41
0x820,0x01
0x821,0x40
0x822,0x01
0x823,0x3F
0x824,0x01
0x825,0x3E
0x826,0x01
0x827,0x3D
0x828,0x01
0x829,0x3C
0x82A,0x01
0x82B,0x3B
0x82C,0x01
0x82D,0x3A
0x82E,0x01
0x82F,0x39
0x830,0x01
0x831,0x38
0x832,0x01
0x833,0x37
0x834,0x01
0x835,0x36
0x836,0x01
0x837,0x35
0x838,0x01
0x839,0x34
0x83A,0x01
0x83B,0x33
0x83C,0x01
0x83D,0x32
0x83E,0x01
0x83F,0x31
0x840,0x01
0x841,0x30
0x842,0x01
0x843,0x2F
0x844,0x01
0x845,0x2E
0x846,0x01
0x847,0x2D
0x848,0x01
0x849,0x2C
0x84A,0x01
0x84B,0x2B
0x84C,0x01
0x84D,0x2A
0x84E,0x01
0x84F,0x29
0x850,0x01
0x851,0x28
0x852,0x01
0x853,0x27
0x854,0x01
0x855,0x26
0x856,0x01
0x857,0x25
0x858,0x01
0x859,0x24
0x85A,0x01
0x85B,0x23
0x85C,0x01
0x85D,0x22
0x85E,0x01
0x85F,0x21
0x860,0x01
0x861,0x20
0x862,0x01
0x863,0x1F
0x864,0x01
0x865,0x1E
0x866,0x01
0x867,0x1D
0x868,0x01
0x869,0x1C
0x86A,0x01
0x86B,0x1B
0x86C,0x01
0x86D,0x1A
0x86E,0x01
0x86F,0x19
0x870,0x01
0x871,0x18
0x872,0x01
0x873,0x17
0x874,0x01
0x875,0x16
0x876,0x01
0x877,0x15
0x878,0x01
0x879,0x14
0x87A,0x01
0x87B,0x13
0x87C,0x01
0x87D,0x12
0x87E,0x01
0x87F,0x11
0x880,0x01
0x881,0x10
0x882,0x01
0x883,0x0F
0x884,0x01
0x885,0x0E
0x886,0x01
0x887,0x0D
0x888,0x01
0x889,0x0C
0x88A,0x01
0x88B,0x0B
0x88C,0x01
0x88D,0x0A
0x88E,0x01
0x88F,0x09
0x890,0x01
0x891,0x08
0x892,0x01
0x893,0x07
0x894,0x01
0x895,0x06
0x896,0x01
0x897,0x05
0x898,0x01
0x899,0x04
0x89A,0x01
0x89B,0x03
0x89C,0x01
0x89D,0x02
0x89E,0x01
0x89F,0x01
0x8A0,0x01
0x8A1,0x00
0x8A2,0x02
0x8A3,0x00
0x8A4,0x03
0x8A5,0x00
0x8A6,0x04
0x8A7,0x00
0x8A8,0x05
0x8A9,0x00
0x8AA,0x06
0x8AB,0x00
0x8AC,0x08
0x8AD,0x00
0x8AE,0x0B
0x8AF,0x00
0x8B0,0x10
0x8B1,0x00
0x8B2,0x20
0x8B3,0x00
0x8B4,0x40
0x8B5,0x00
0x8B6,0x80
0x8B7,0x00
0x8B8,0x00
0x8B9,0x00
0x8BA,0x00
0x8BB,0x00
0x8BC,0x00
0x8BD,0x00
0x8BE,0x00
0x8BF,0x00
0x8C0,0x00
0x8C1,0x00
0x8C2,0x00
0x8C3,0x00
0x8C4,0x00
0x8C5,0x00
0x8C6,0xFF
0x8C7,0x00
0x8C8,0x00
0x8C9,0x00
0x8CA,0x01
0x8CB,0x4F
0x8CC,0x01
0x8CD,0x4E
0x8CE,0x01
0x8CF,0x4D
0x8D0,0x01
0x8D1,0x4C
0x8D2,0x01
0x8D3,0x4B
0x8D4,0x01
0x8D5,0x4A
0x8D6,0x01
0x8D7,0x49
0x8D8,0x01
0x8D9,0x48
0x8DA,0x01
0x8DB,0x47
0x8DC,0x01
0x8DD,0x46
0x8DE,0x01
0x8DF,0x45
0x8E0,0x01
0x8E1,0x44
0x8E2,0x01
0x8E3,0x43
0x8E4,0x01
0x8E5,0x42
0x8E6,0x01
0x8E7,0x41
0x8E8,0x01
0x8E9,0x40
0x8EA,0x01
0x8EB,0x3F
0x8EC,0x01
0x8ED,0x3E
0x8EE,0x01
0x8EF,0x3D
0x8F0,0x01
0x8F1,0x3C
0x8F2,0x01
0x8F3,0x3B
0x8F4,0x01
0x8F5,0x3A
0x8F6,0x01
0x8F7,0x39
0x8F8,0x01
0x8F9,0x38
0x8FA,0x01
0x8FB,0x37
0x8FC,0x01
0x8FD,0x36
0x8FE,0x01
0x8FF,0x35
0x900,0x01
0x901,0x34
0x902,0x01
0x903,0x33
0x904,0x01
0x905,0x32
0x906,0x01
0x907,0x31
0x908,0x01
0x909,0x30
0x90A,0x01
0x90B,0x2F
0x90C,0x01
0x90D,0x2E
0x90E,0x01
0x90F,0x2D
0x910,0x01
0x911,0x2C
0x912,0x01
0x913,0x2B
0x914,0x01
0x915,0x2A
0x916,0x01
0x917,0x29
0x918,0x01
0x919,0x28
0x91A,0x01
0x91B,0x27
0x91C,0x01
0x91D,0x26
0x91E,0x01
0x91F,0x25
0x920,0x01
0x921,0x24
0x922,0x01
0x923,0x23
0x924,0x01
0x925,0x22
0x926,0x01
0x927,0x21
0x928,0x01
0x929,0x20
0x92A,0x01
0x92B,0x1F
0x92C,0x01
0x92D,0x1E
0x92E,0x01
0x92F,0x1D
0x930,0x01
0x931,0x1C
0x932,0x01
0x933,0x1B
0x934,0x01
0x935,0x1A
0x936,0x01
0x937,0x19
0x938,0x01
0x939,0x18
0x93A,0x01
0x93B,0x17
0x93C,0x01
0x93D,0x16
0x93E,0x01
0x93F,0x15
0x940,0x01
0x941,0x14
0x942,0x01
0x943,0x13
0x944,0x01
0x945,0x12
0x946,0x01
0x947,0x11
0x948,0x01
0x949,0x10
0x94A,0x01
0x94B,0x0F
0x94C,0x01
0x94D,0x0E
0x94E,0x01
0x94F,0x0D
0x950,0x01
0x951,0x0C
0x952,0x01
0x953,0x0B
0x954,0x01
0x955,0x0A
0x956,0x01
0x957,0x09
0x958,0x01
0x959,0x08
0x95A,0x01
0x95B,0x07
0x95C,0x01
0x95D,0x06
0x95E,0x01
0x95F,0x05
0x960,0x01
0x961,0x04
0x962,0x01
0x963,0x03
0x964,0x01
0x965,0x02
0x966,0x01
0x967,0x01
0x968,0x01
0x969,0x00
0x96A,0x02
0x96B,0x00
0x96C,0x03
0x96D,0x00
0x96E,0x04
0x96F,0x00
0x970,0x05
0x971,0x00
0x972,0x06
0x973,0x00
0x974,0x08
0x975,0x00
0x976,0x0B
0x977,0x00
0x978,0x10
0x979,0x00
0x97A,0x20
0x97B,0x00
0x97C,0x40
0x97D,0x00
0x97E,0x80
0x97F,0x00
0x980,0x00
0x981,0x00
0x982,0x00
0x983,0x00
0x984,0x00
0x985,0x00
0x986,0x00
0x987,0x00
0x988,0x00
0x989,0x00
0x98A,0x00
0x98B,0x00
0x98C,0x00
0x98D,0x00
0x98E,0xFF
0x98F,0x00
0x990,0x00
0x991,0x00
0x992,0x00
0x993,0x00
0x994,0x00
0x995,0x00
0x996,0x00
0x997,0x00
0x998,0x00
0x999,0x00
0x99A,0x00
0x99B,0x00
0x99C,0x00
0x99D,0x00
0x99E,0x00
0x99F,0x00
0x9A0,0x00
0x9A1,0x00
0x9A2,0x00
0x9A3,0x00
0x9A4,0x00
0x9A5,0x00
0x9A6,0x00
0x9A7,0x00
0x9A8,0x00
0x9A9,0x00
0x9AA,0x00
0x9AB,0x00
0x9AC,0x00
0x9AD,0x00
0x9AE,0x00
0x9AF,0x00
0x9B0,0x00
0x9B1,0x00
0x9B2,0x00
0x9B3,0x00
0x9B4,0x00
0x9B5,0x00
0x9B6,0x00
0x9B7,0x00
0x9B8,0x00
0x9B9,0x00
0x9BA,0x00
0x9BB,0x00
0x9BC,0x00
0x9BD,0x00
0x9BE,0x00
0x9BF,0x00
0x9C0,0x00
0x9C1,0x00
0x9C2,0x00
0x9C3,0x00
0x9C4,0x00
0x9C5,0x00
0x9C6,0x00
0x9C7,0x00
0x9C8,0x00
0x9C9,0x00
0x9CA,0x00
0x9CB,0x00
0x9CC,0x00
0x9CD,0x00
0x9CE,0x00
0x9CF,0x00
0x9D0,0x00
0x9D1,0x00
0x9D2,0x00
0x9D3,0x00
0x9D4,0x00
0x9D5,0x00
0x9D6,0x00
0x9D7,0x00
0x9D8,0x00
0x9D9,0x00
0x9DA,0x00
0x9DB,0x00
0x9DC,0x00
0x9DD,0x00
0x9DE,0x00
0x9DF,0x00
0x9E0,0x00
0x9E1,0x00
0x9E2,0x00
0x9E3,0x00
0x9E4,0x00
0x9E5,0x00
0x9E6,0x00
0x9E7,0x00
0x9E8,0x00
0x9E9,0x00
0x9EA,0x00
0x9EB,0x00
0x9EC,0x00
0x9ED,0x00
0x9EE,0x00
0x9EF,0x00
0x9F0,0x00
0x9F1,0x00
0x9F2,0x00
0x9F3,0x00
0x9F4,0x00
0x9F5,0x00
0x9F6,0x00
0x9F7,0x00
0x9F8,0x00
0x9F9,0x00
0x9FA,0x00
0x9FB,0x00
0x9FC,0x00
0x9FD,0x00
0x9FE,0x00
0x9FF,0x00
0xA00,0x00
0xA01,0x00
0xA02,0x01
0xA03,0x4F
0xA04,0x01
0xA05,0x4E
0xA06,0x01
0xA07,0x4D
0xA08,0x01
0xA09,0x4C
0xA0A,0x01
0xA0B,0x4B
0xA0C,0x01
0xA0D,0x4A
0xA0E,0x01
0xA0F,0x49
0xA10,0x01
0xA11,0x48
0xA12,0x01
0xA13,0x47
0xA14,0x01
0xA15,0x46
0xA16,0x01
0xA17,0x45
0xA18,0x01
0xA19,0x44
0xA1A,0x01
0xA1B,0x43
0xA1C,0x01
0xA1D,0x42
0xA1E,0x01
0xA1F,0x41
0xA20,0x01
0xA21,0x40
0xA22,0x01
0xA23,0x3F
0xA24,0x01
0xA25,0x3E
0xA26,0x01
0xA27,0x3D
0xA28,0x01
0xA29,0x3C
0xA2A,0x01
0xA2B,0x3B
0xA2C,0x01
0xA2D,0x3A
0xA2E,0x01
0xA2F,0x39
0xA30,0x01
0xA31,0x38
0xA32,0x01
0xA33,0x37
0xA34,0x01
0xA35,0x36
0xA36,0x01
0xA37,0x35
0xA38,0x01
0xA39,0x34
0xA3A,0x01
0xA3B,0x33
0xA3C,0x01
0xA3D,0x32
0xA3E,0x01
0xA3F,0x31
0xA40,0x01
0xA41,0x30
0xA42,0x01
0xA43,0x2F
0xA44,0x01
0xA45,0x2E
0xA46,0x01
0xA47,0x2D
0xA48,0x01
0xA49,0x2C
0xA4A,0x01
0xA4B,0x2B
0xA4C,0x01
0xA4D,0x2A
0xA4E,0x01
0xA4F,0x29
0xA50,0x01
0xA51,0x28
0xA52,0x01
0xA53,0x27
0xA54,0x01
0xA55,0x26
0xA56,0x01
0xA57,0x25
0xA58,0x01
0xA59,0x24
0xA5A,0x01
0xA5B,0x23
0xA5C,0x01
0xA5D,0x22
0xA5E,0x01
0xA5F,0x21
0xA60,0x01
0xA61,0x20
0xA62,0x01
0xA63,0x1F
0xA64,0x01
0xA65,0x1E
0xA66,0x01
0xA67,0x1D
0xA68,0x01
0xA69,0x1C
0xA6A,0x01
0xA6B,0x1B
0xA6C,0x01
0xA6D,0x1A
0xA6E,0x01
0xA6F,0x19
0xA70,0x01
0xA71,0x18
0xA72,0x01
0xA73,0x17
0xA74,0x01
0xA75,0x16
0xA76,0x01
0xA77,0x15
0xA78,0x01
0xA79,0x14
0xA7A,0x01
0xA7B,0x13
0xA7C,0x01
0xA7D,0x12
0xA7E,0x01
0xA7F,0x11
0xA80,0x01
0xA81,0x10
0xA82,0x01
0xA83,0x0F
0xA84,0x01
0xA85,0x0E
0xA86,0x01
0xA87,0x0D
0xA88,0x01
0xA89,0x0C
0xA8A,0x01
0xA8B,0x0B
0xA8C,0x01
0xA8D,0x0A
0xA8E,0x01
0xA8F,0x09
0xA90,0x01
0xA91,0x08
0xA92,0x01
0xA93,0x07
0xA94,0x01
0xA95,0x06
0xA96,0x01
0xA97,0x05
0xA98,0x01
0xA99,0x04
0xA9A,0x01
0xA9B,0x03
0xA9C,0x01
0xA9D,0x02
0xA9E,0x01
0xA9F,0x01
0xAA0,0x01
0xAA1,0x00
0xAA2,0x02
0xAA3,0x00
0xAA4,0x03
0xAA5,0x00
0xAA6,0x04
0xAA7,0x00
0xAA8,0x05
0xAA9,0x00
0xAAA,0x06
0xAAB,0x00
0xAAC,0x08
0xAAD,0x00
0xAAE,0x0B
0xAAF,0x00
0xAB0,0x10
0xAB1,0x00
0xAB2,0x20
0xAB3,0x00
0xAB4,0x40
0xAB5,0x00
0xAB6,0x80
0xAB7,0x00
0xAB8,0x00
0xAB9,0x00
0xABA,0x00
0xABB,0x00
0xABC,0x00
0xABD,0x00
0xABE,0x00
0xABF,0x00
0xAC0,0x00
0xAC1,0x00
0xAC2,0x00
0xAC3,0x00
0xAC4,0x00
0xAC5,0x00
0xAC6,0xFF
0xAC7,0x00
0xAC8,0x00
0xAC9,0x00
0xACA,0x01
0xACB,0x4F
0xACC,0x01
0xACD,0x4E
0xACE,0x01
0xACF,0x4D
0xAD0,0x01
0xAD1,0x4C
0xAD2,0x01
0xAD3,0x4B
0xAD4,0x01
0xAD5,0x4A
0xAD6,0x01
0xAD7,0x49
0xAD8,0x01
0xAD9,0x48
0xADA,0x01
0xADB,0x47
0xADC,0x01
0xADD,0x46
0xADE,0x01
0xADF,0x45
0xAE0,0x01
0xAE1,0x44
0xAE2,0x01
0xAE3,0x43
0xAE4,0x01
0xAE5,0x42
0xAE6,0x01
0xAE7,0x41
0xAE8,0x01
0xAE9,0x40
0xAEA,0x01
0xAEB,0x3F
0xAEC,0x01
0xAED,0x3E
0xAEE,0x01
0xAEF,0x3D
0xAF0,0x01
0xAF1,0x3C
0xAF2,0x01
0xAF3,0x3B
0xAF4,0x01
0xAF5,0x3A
0xAF6,0x01
0xAF7,0x39
0xAF8,0x01
0xAF9,0x38
0xAFA,0x01
0xAFB,0x37
0xAFC,0x01
0xAFD,0x36
0xAFE,0x01
0xAFF,0x35
0xB00,0x01
0xB01,0x34
0xB02,0x01
0xB03,0x33
0xB04,0x01
0xB05,0x32
0xB06,0x01
0xB07,0x31
0xB08,0x01
0xB09,0x30
0xB0A,0x01
0xB0B,0x2F
0xB0C,0x01
0xB0D,0x2E
0xB0E,0x01
0xB0F,0x2D
0xB10,0x01
0xB11,0x2C
0xB12,0x01
0xB13,0x2B
0xB14,0x01
0xB15,0x2A
0xB16,0x01
0xB17,0x29
0xB18,0x01
0xB19,0x28
0xB1A,0x01
0xB1B,0x27
0xB1C,0x01
0xB1D,0x26
0xB1E,0x01
0xB1F,0x25
0xB20,0x01
0xB21,0x24
0xB22,0x01
0xB23,0x23
0xB24,0x01
0xB25,0x22
0xB26,0x01
0xB27,0x21
0xB28,0x01
0xB29,0x20
0xB2A,0x01
0xB2B,0x1F
0xB2C,0x01
0xB2D,0x1E
0xB2E,0x01
0xB2F,0x1D
0xB30,0x01
0xB31,0x1C
0xB32,0x01
0xB33,0x1B
0xB34,0x01
0xB35,0x1A
0xB36,0x01
0xB37,0x19
0xB38,0x01
0xB39,0x18
0xB3A,0x01
0xB3B,0x17
0xB3C,0x01
0xB3D,0x16
0xB3E,0x01
0xB3F,0x15
0xB40,0x01
0xB41,0x14
0xB42,0x01
0xB43,0x13
0xB44,0x01
0xB45,0x12
0xB46,0x01
0xB47,0x11
0xB48,0x01
0xB49,0x10
0xB4A,0x01
0xB4B,0x0F
0xB4C,0x01
0xB4D,0x0E
0xB4E,0x01
0xB4F,0x0D
0xB50,0x01
0xB51,0x0C
0xB52,0x01
0xB53,0x0B
0xB54,0x01
0xB55,0x0A
0xB56,0x01
0xB57,0x09
0xB58,0x01
0xB59,0x08
0xB5A,0x01
0xB5B,0x07
0xB5C,0x01
0xB5D,0x06
0xB5E,0x01
0xB5F,0x05
0xB60,0x01
0xB61,0x04
0xB62,0x01
0xB63,0x03
0xB64,0x01
0xB65,0x02
0xB66,0x01
0xB67,0x01
0xB68,0x01
0xB69,0x00
0xB6A,0x02
0xB6B,0x00
0xB6C,0x03
0xB6D,0x00
0xB6E,0x04
0xB6F,0x00
0xB70,0x05
0xB71,0x00
0xB72,0x06
0xB73,0x00
0xB74,0x08
0xB75,0x00
0xB76,0x0B
0xB77,0x00
0xB78,0x10
0xB79,0x00
0xB7A,0x20
0xB7B,0x00
0xB7C,0x40
0xB7D,0x00
0xB7E,0x80
0xB7F,0x00
0xB80,0x00
0xB81,0x00
0xB82,0x00
0xB83,0x00
0xB84,0x00
0xB85,0x00
0xB86,0x00
0xB87,0x00
0xB88,0x00
0xB89,0x00
0xB8A,0x00
0xB8B,0x00
0xB8C,0x00
0xB8D,0x00
0xB8E,0xFF
0xB8F,0x00
0xB90,0x00
0xB91,0x00
0xB92,0x00
0xB93,0x00
0xB94,0x00
0xB95,0x00
0xB96,0x00
0xB97,0x00
0xB98,0x00
0xB99,0x00
0xB9A,0x00
0xB9B,0x00
0xB9C,0x00
0xB9D,0x00
0xB9E,0x00
0xB9F,0x00
0xBA0,0x00
0xBA1,0x00
0xBA2,0x00
0xBA3,0x00
0xBA4,0x00
0xBA5,0x00
0xBA6,0x00
0xBA7,0x00
0xBA8,0x00
0xBA9,0x00
0xBAA,0x00
0xBAB,0x00
0xBAC,0x00
0xBAD,0x00
0xBAE,0x00
0xBAF,0x00
0xBB0,0x00
0xBB1,0x00
0xBB2,0x00
0xBB3,0x00
0xBB4,0x00
0xBB5,0x00
0xBB6,0x00
0xBB7,0x00
0xBB8,0x00
0xBB9,0x00
0xBBA,0x00
0xBBB,0x00
0xBBC,0x00
0xBBD,0x00
0xBBE,0x00
0xBBF,0x00
0xBC0,0x00
0xBC1,0x00
0xBC2,0x00
0xBC3,0x00
0xBC4,0x00
0xBC5,0x00
0xBC6,0x00
0xBC7,0x00
0xBC8,0x00
0xBC9,0x00
0xBCA,0x00
0xBCB,0x00
0xBCC,0x00
0xBCD,0x00
0xBCE,0x00
0xBCF,0x00
0xBD0,0x00
0xBD1,0x00
0xBD2,0x00
0xBD3,0x00
0xBD4,0x00
0xBD5,0x00
0xBD6,0x00
0xBD7,0x00
0xBD8,0x00
0xBD9,0x00
0xBDA,0x00
0xBDB,0x00
0xBDC,0x00
0xBDD,0x00
0xBDE,0x00
0xBDF,0x00
0xBE0,0x00
0xBE1,0x00
0xBE2,0x00
0xBE3,0x00
0xBE4,0x00
0xBE5,0x00
0xBE6,0x00
0xBE7,0x00
0xBE8,0x00
0xBE9,0x00
0xBEA,0x00
0xBEB,0x00
0xBEC,0x00
0xBED,0x00
0xBEE,0x00
0xBEF,0x00
0xBF0,0x00
0xBF1,0x00
0xBF2,0x00
0xBF3,0x00
0xBF4,0x00
0xBF5,0x00
0xBF6,0x00
0xBF7,0x00
0xBF8,0x00
0xBF9,0x00
0xBFA,0x00
0xBFB,0x00
0xBFC,0x00
0xBFD,0x00
0xBFE,0x00
0xBFF,0x00
0xC00,0x29
0xC01,0x3B
0xC02,0x4E
0xC03,0x61
0xC04,0x74
0xC05,0x87
0xC06,0x9A
0xC07,0xAD
0xC08,0xC0
0xC09,0xD3
0xC0A,0xE6
0xC0B,0xFA
0xC0C,0x0D
0xC0D,0x21
0xC0E,0x34
0xC0F,0x48
0xC10,0x5C
0xC11,0x6F
0xC12,0x83
0xC13,0x97
0xC14,0xAB
0xC15,0xBF
0xC16,0xD3
0xC17,0xE7
0xC18,0xFC
0xC19,0x10
0xC1A,0x24
0xC1B,0x39
0xC1C,0x4E
0xC1D,0x62
0xC1E,0x77
0xC1F,0x8C
0xC20,0xA1
0xC21,0xB6
0xC22,0xCB
0xC23,0xE0
0xC24,0xF5
0xC25,0x0A
0xC26,0x1F
0xC27,0x35
0xC28,0x4A
0xC29,0x60
0xC2A,0x76
0xC2B,0x8B
0xC2C,0xA1
0xC2D,0xB7
0xC2E,0xCD
0xC2F,0xE3
0xC30,0xF9
0xC31,0x0F
0xC32,0x26
0xC33,0x3C
0xC34,0x52
0xC35,0x69
0xC36,0x7F
0xC37,0x96
0xC38,0xAD
0xC39,0xC4
0xC3A,0xDB
0xC3B,0xF2
0xC3C,0x09
0xC3D,0x20
0xC3E,0x37
0xC3F,0x4F
0xC40,0x66
0xC41,0x7E
0xC42,0x95
0xC43,0xAD
0xC44,0xC5
0xC45,0xDC
0xC46,0xF4
0xC47,0x0C
0xC48,0x25
0xC49,0x3D
0xC4A,0x55
0xC4B,0x6D
0xC4C,0x86
0xC4D,0x9E
0xC4E,0xB7
0xC4F,0xD0
0xC50,0xE9
0xC51,0x02
0xC52,0x1B
0xC53,0x34
0xC54,0x4D
0xC55,0x66
0xC56,0x7F
0xC57,0x99
0xC58,0xB2
0xC59,0xCC
0xC5A,0xE6
0xC5B,0x00
0xC5C,0x1A
0xC5D,0x34
0xC5E,0x4E
0xC5F,0x68
0xC60,0x82
0xC61,0x9D
0xC62,0xB7
0xC63,0xD2
0xC64,0xEC
0xC65,0x07
0xC66,0x22
0xC67,0x3D
0xC68,0x58
0xC69,0x73
0xC6A,0x8F
0xC6B,0xAA
0xC6C,0xC5
0xC6D,0xE1
0xC6E,0xFD
0xC6F,0x18
0xC70,0x34
0xC71,0x50
0xC72,0x6C
0xC73,0x88
0xC74,0xA5
0xC75,0xC1
0xC76,0xDE
0xC77,0xFA
0xC78,0x17
0xC79,0x34
0xC7A,0x50
0xC7B,0x6D
0xC7C,0x8B
0xC7D,0xA8
0xC7E,0xC5
0xC7F,0xE2
0xC80,0x00
0xC81,0x1E
0xC82,0x3B
0xC83,0x59
0xC84,0x77
0xC85,0x95
0xC86,0xB3
0xC87,0xD2
0xC88,0xF0
0xC89,0x0F
0xC8A,0x2D
0xC8B,0x4C
0xC8C,0x6B
0xC8D,0x8A
0xC8E,0xA9
0xC8F,0xC8
0xC90,0xE7
0xC91,0x07
0xC92,0x26
0xC93,0x46
0xC94,0x65
0xC95,0x85
0xC96,0xA5
0xC97,0xC5
0xC98,0xE5
0xC99,0x06
0xC9A,0x26
0xC9B,0x47
0xC9C,0x67
0xC9D,0x88
0xC9E,0xA9
0xC9F,0xCA
0xCA0,0xEB
0xCA1,0x0C
0xCA2,0x2E
0xCA3,0x4F
0xCA4,0x71
0xCA5,0x93
0xCA6,0xB5
0xCA7,0xD7
0xCA8,0xF9
0xCA9,0x1B
0xCAA,0x3D
0xCAB,0x60
0xCAC,0x82
0xCAD,0xA5
0xCAE,0xC8
0xCAF,0xEB
0xCB0,0x0E
0xCB1,0x31
0xCB2,0x55
0xCB3,0x78
0xCB4,0x9C
0xCB5,0xBF
0xCB6,0xE3
0xCB7,0x07
0xCB8,0x2B
0xCB9,0x50
0xCBA,0x74
0xCBB,0x99
0xCBC,0xBD
0xCBD,0xE2
0xCBE,0x07
0xCBF,0x2C
0xCC0,0x51
0xCC1,0x77
0xCC2,0x9C
0xCC3,0xC2
0xCC4,0xE7
0xCC5,0x0D
0xCC6,0x33
0xCC7,0x59
0xCC8,0x80
0xCC9,0xA6
0xCCA,0xCD
0xCCB,0xF3
0xCCC,0x1A
0xCCD,0x41
0xCCE,0x68
0xCCF,0x90
0xCD0,0xB7
0xCD1,0xDF
0xCD2,0x06
0xCD3,0x2E
0xCD4,0x56
0xCD5,0x7E
0xCD6,0xA6
0xCD7,0xCF
0xCD8,0xF7
0xCD9,0x20
0xCDA,0x49
0xCDB,0x72
0xCDC,0x9B
0xCDD,0xC4
0xCDE,0xEE
0xCDF,0x17
0xCE0,0x41
0xCE1,0x6B
0xCE2,0x95
0xCE3,0xBF
0xCE4,0xEA
0xCE5,0x14
0xCE6,0x3F
0xCE7,0x6A
0xCE8,0x95
0xCE9,0xC0
0xCEA,0xEB
0xCEB,0x17
0xCEC,0x42
0xCED,0x6E
0xCEE,0x9A
0xCEF,0xC6
0xCF0,0xF2
0xCF1,0x1F
0xCF2,0x4B
0xCF3,0x78
0xCF4,0xA5
0xCF5,0xD2
0xCF6,0xFF
0xCF7,0x2C
0xCF8,0x5A
0xCF9,0x87
0xCFA,0xB5
0xCFB,0xE3
0xCFC,0x12
0xCFD,0x40
0xCFE,0x6E
0xCFF,0x9D
0xD00,0xCC
0xD01,0xFB
0xD02,0x2A
0xD03,0x5A
0xD04,0x89
0xD05,0xB9
0xD06,0xE9
0xD07,0x19
0xD08,0x49
0xD09,0x79
0xD0A,0xAA
0xD0B,0xDB
0xD0C,0x0C
0xD0D,0x3D
0xD0E,0x6E
0xD0F,0xA0
0xD10,0xD1
0xD11,0x03
0xD12,0x35
0xD13,0x67
0xD14,0x9A
0xD15,0xCC
0xD16,0xFF
0xD17,0x32
0xD18,0x65
0xD19,0x98
0xD1A,0xCC
0xD1B,0xFF
0xD1C,0x33
0xD1D,0x67
0xD1E,0x9B
0xD1F,0xD0
0xD20,0x04
0xD21,0x39
0xD22,0x6E
0xD23,0xA3
0xD24,0xD9
0xD25,0x0E
0xD26,0x44
0xD27,0x7A
0xD28,0xB0
0xD29,0xE7
0xD2A,0x1D
0xD2B,0x54
0xD2C,0x8B
0xD2D,0xC2
0xD2E,0xF9
0xD2F,0x31
0xD30,0x68
0xD31,0xA0
0xD32,0xD8
0xD33,0x11
0xD34,0x49
0xD35,0x82
0xD36,0xBB
0xD37,0xF4
0xD38,0x2E
0xD39,0x67
0xD3A,0xA1
0xD3B,0xDB
0xD3C,0x15
0xD3D,0x50
0xD3E,0x8A
0xD3F,0xC5
0xD40,0x00
0xD41,0x3B
0xD42,0x77
0xD43,0xB2
0xD44,0xEE
0xD45,0x2A
0xD46,0x67
0xD47,0xA3
0xD48,0xE0
0xD49,0x1D
0xD4A,0x5A
0xD4B,0x98
0xD4C,0xD5
0xD4D,0x13
0xD4E,0x51
0xD4F,0x90
0xD50,0xCE
0xD51,0x0D
0xD52,0x4C
0xD53,0x8B
0xD54,0xCB
0xD55,0x0A
0xD56,0x4A
0xD57,0x8A
0xD58,0xCB
0xD59,0x0B
0xD5A,0x4C
0xD5B,0x8D
0xD5C,0xCF
0xD5D,0x10
0xD5E,0x52
0xD5F,0x94
0xD60,0xD6
0xD61,0x19
0xD62,0x5C
0xD63,0x9F
0xD64,0xE2
0xD65,0x25
0xD66,0x69
0xD67,0xAD
0xD68,0xF1
0xD69,0x36
0xD6A,0x7A
0xD6B,0xBF
0xD6C,0x05
0xD6D,0x4A
0xD6E,0x90
0xD6F,0xD6
0xD70,0x1C
0xD71,0x62
0xD72,0xA9
0xD73,0xF0
0xD74,0x37
0xD75,0x7F
0xD76,0xC7
0xD77,0x0F
0xD78,0x57
0xD79,0x9F
0xD7A,0xE8
0xD7B,0x31
0xD7C,0x7B
0xD7D,0xC4
0xD7E,0x0E
0xD7F,0x58
0xD80,0xA3
0xD81,0xED
0xD82,0x38
0xD83,0x83
0xD84,0xCF
0xD85,0x1B
0xD86,0x67
0xD87,0xB3
0xD88,0xFF
0xD89,0x4C
0xD8A,0x99
0xD8B,0xE7
0xD8C,0x34
0xD8D,0x82
0xD8E,0xD1
0xD8F,0x1F
0xD90,0x6E
0xD91,0xBD
0xD92,0x0C
0xD93,0x5C
0xD94,0xAC
0xD95,0xFC
0xD96,0x4D
0xD97,0x9E
0xD98,0xEF
0xD99,0x40
0xD9A,0x92
0xD9B,0xE4
0xD9C,0x36
0xD9D,0x89
0xD9E,0xDC
0xD9F,0x2F
0xDA0,0x82
0xDA1,0xD6
0xDA2,0x2A
0xDA3,0x7F
0xDA4,0xD3
0xDA5,0x29
0xDA6,0x7E
0xDA7,0xD3
0xDA8,0x29
0xDA9,0x80
0xDAA,0xD6
0xDAB,0x2D
0xDAC,0x84
0xDAD,0xDC
0xDAE,0x34
0xDAF,0x8C
0xDB0,0xE4
0xDB1,0x3D
0xDB2,0x96
0xDB3,0xF0
0xDB4,0x49
0xDB5,0xA3
0xDB6,0xFE
0xDB7,0x59
0xDB8,0xB4
0xDB9,0x0F
0xDBA,0x6B
0xDBB,0xC7
0xDBC,0x23
0xDBD,0x80
0xDBE,0xDD
0xDBF,0x3A
0xDC0,0x98
0xDC1,0xF6
0xDC2,0x54
0xDC3,0xB3
0xDC4,0x12
0xDC5,0x72
0xDC6,0xD1
0xDC7,0x32
0xDC8,0x92
0xDC9,0xF3
0xDCA,0x54
0xDCB,0xB6
0xDCC,0x17
0xDCD,0x7A
0xDCE,0xDC
0xDCF,0x3F
0xDD0,0xA2
0xDD1,0x06
0xDD2,0x6A
0xDD3,0xCF
0xDD4,0x33
0xDD5,0x98
0xDD6,0xFE
0xDD7,0x64
0xDD8,0xCA
0xDD9,0x30
0xDDA,0x97
0xDDB,0xFF
0xDDC,0x66
0xDDD,0xCF
0xDDE,0x37
0xDDF,0xA0
0xDE0,0x09
0xDE1,0x73
0xDE2,0xDD
0xDE3,0x47
0xDE4,0xB2
0xDE5,0x1D
0xDE6,0x88
0xDE7,0xF4
0xDE8,0x60
0xDE9,0xCD
0xDEA,0x3A
0xDEB,0xA8
0xDEC,0x15
0xDED,0x84
0xDEE,0xF2
0xDEF,0x61
0xDF0,0xD1
0xDF1,0x41
0xDF2,0xB1
0xDF3,0x22
0xDF4,0x93
0xDF5,0x04
0xDF6,0x76
0xDF7,0xE8
0xDF8,0x5B
0xDF9,0xCE
0xDFA,0x42
0xDFB,0xB6
0xDFC,0x2A
0xDFD,0x9F
0xDFE,0x14
0xDFF,0x8A
0xE00,0x29
0xE01,0x3B
0xE02,0x4E
0xE03,0x61
0xE04,0x74
0xE05,0x87
0xE06,0x9A
0xE07,0xAD
0xE08,0xC0
0xE09,0xD3
0xE0A,0xE6
0xE0B,0xFA
0xE0C,0x0D
0xE0D,0x21
0xE0E,0x34
0xE0F,0x48
0xE10,0x5C
0xE11,0x6F
0xE12,0x83
0xE13,0x97
0xE14,0xAB
0xE15,0xBF
0xE16,0xD3
0xE17,0xE7
0xE18,0xFC
0xE19,0x10
0xE1A,0x24
0xE1B,0x39
0xE1C,0x4E
0xE1D,0x62
0xE1E,0x77
0xE1F,0x8C
0xE20,0xA1
0xE21,0xB6
0xE22,0xCB
0xE23,0xE0
0xE24,0xF5
0xE25,0x0A
0xE26,0x1F
0xE27,0x35
0xE28,0x4A
0xE29,0x60
0xE2A,0x76
0xE2B,0x8B
0xE2C,0xA1
0xE2D,0xB7
0xE2E,0xCD
0xE2F,0xE3
0xE30,0xF9
0xE31,0x0F
0xE32,0x26
0xE33,0x3C
0xE34,0x52
0xE35,0x69
0xE36,0x7F
0xE37,0x96
0xE38,0xAD
0xE39,0xC4
0xE3A,0xDB
0xE3B,0xF2
0xE3C,0x09
0xE3D,0x20
0xE3E,0x37
0xE3F,0x4F
0xE40,0x66
0xE41,0x7E
0xE42,0x95
0xE43,0xAD
0xE44,0xC5
0xE45,0xDC
0xE46,0xF4
0xE47,0x0C
0xE48,0x25
0xE49,0x3D
0xE4A,0x55
0xE4B,0x6D
0xE4C,0x86
0xE4D,0x9E
0xE4E,0xB7
0xE4F,0xD0
0xE50,0xE9
0xE51,0x02
0xE52,0x1B
0xE53,0x34
0xE54,0x4D
0xE55,0x66
0xE56,0x7F
0xE57,0x99
0xE58,0xB2
0xE59,0xCC
0xE5A,0xE6
0xE5B,0x00
0xE5C,0x1A
0xE5D,0x34
0xE5E,0x4E
0xE5F,0x68
0xE60,0x82
0xE61,0x9D
0xE62,0xB7
0xE63,0xD2
0xE64,0xEC
0xE65,0x07
0xE66,0x22
0xE67,0x3D
0xE68,0x58
0xE69,0x73
0xE6A,0x8F
0xE6B,0xAA
0xE6C,0xC5
0xE6D,0xE1
0xE6E,0xFD
0xE6F,0x18
0xE70,0x34
0xE71,0x50
0xE72,0x6C
0xE73,0x88
0xE74,0xA5
0xE75,0xC1
0xE76,0xDE
0xE77,0xFA
0xE78,0x17
0xE79,0x34
0xE7A,0x50
0xE7B,0x6D
0xE7C,0x8B
0xE7D,0xA8
0xE7E,0xC5
0xE7F,0xE2
0xE80,0x00
0xE81,0x1E
0xE82,0x3B
0xE83,0x59
0xE84,0x77
0xE85,0x95
0xE86,0xB3
0xE87,0xD2
0xE88,0xF0
0xE89,0x0F
0xE8A,0x2D
0xE8B,0x4C
0xE8C,0x6B
0xE8D,0x8A
0xE8E,0xA9
0xE8F,0xC8
0xE90,0xE7
0xE91,0x07
0xE92,0x26
0xE93,0x46
0xE94,0x65
0xE95,0x85
0xE96,0xA5
0xE97,0xC5
0xE98,0xE5
0xE99,0x06
0xE9A,0x26
0xE9B,0x47
0xE9C,0x67
0xE9D,0x88
0xE9E,0xA9
0xE9F,0xCA
0xEA0,0xEB
0xEA1,0x0C
0xEA2,0x2E
0xEA3,0x4F
0xEA4,0x71
0xEA5,0x93
0xEA6,0xB5
0xEA7,0xD7
0xEA8,0xF9
0xEA9,0x1B
0xEAA,0x3D
0xEAB,0x60
0xEAC,0x82
0xEAD,0xA5
0xEAE,0xC8
0xEAF,0xEB
0xEB0,0x0E
0xEB1,0x31
0xEB2,0x55
0xEB3,0x78
0xEB4,0x9C
0xEB5,0xBF
0xEB6,0xE3
0xEB7,0x07
0xEB8,0x2B
0xEB9,0x50
0xEBA,0x74
0xEBB,0x99
0xEBC,0xBD
0xEBD,0xE2
0xEBE,0x07
0xEBF,0x2C
0xEC0,0x51
0xEC1,0x77
0xEC2,0x9C
0xEC3,0xC2
0xEC4,0xE7
0xEC5,0x0D
0xEC6,0x33
0xEC7,0x59
0xEC8,0x80
0xEC9,0xA6
0xECA,0xCD
0xECB,0xF3
0xECC,0x1A
0xECD,0x41
0xECE,0x68
0xECF,0x90
0xED0,0xB7
0xED1,0xDF
0xED2,0x06
0xED3,0x2E
0xED4,0x56
0xED5,0x7E
0xED6,0xA6
0xED7,0xCF
0xED8,0xF7
0xED9,0x20
0xEDA,0x49
0xEDB,0x72
0xEDC,0x9B
0xEDD,0xC4
0xEDE,0xEE
0xEDF,0x17
0xEE0,0x41
0xEE1,0x6B
0xEE2,0x95
0xEE3,0xBF
0xEE4,0xEA
0xEE5,0x14
0xEE6,0x3F
0xEE7,0x6A
0xEE8,0x95
0xEE9,0xC0
0xEEA,0xEB
0xEEB,0x17
0xEEC,0x42
0xEED,0x6E
0xEEE,0x9A
0xEEF,0xC6
0xEF0,0xF2
0xEF1,0x1F
0xEF2,0x4B
0xEF3,0x78
0xEF4,0xA5
0xEF5,0xD2
0xEF6,0xFF
0xEF7,0x2C
0xEF8,0x5A
0xEF9,0x87
0xEFA,0xB5
0xEFB,0xE3
0xEFC,0x12
0xEFD,0x40
0xEFE,0x6E
0xEFF,0x9D
0xF00,0xCC
0xF01,0xFB
0xF02,0x2A
0xF03,0x5A
0xF04,0x89
0xF05,0xB9
0xF06,0xE9
0xF07,0x19
0xF08,0x49
0xF09,0x79
0xF0A,0xAA
0xF0B,0xDB
0xF0C,0x0C
0xF0D,0x3D
0xF0E,0x6E
0xF0F,0xA0
0xF10,0xD1
0xF11,0x03
0xF12,0x35
0xF13,0x67
0xF14,0x9A
0xF15,0xCC
0xF16,0xFF
0xF17,0x32
0xF18,0x65
0xF19,0x98
0xF1A,0xCC
0xF1B,0xFF
0xF1C,0x33
0xF1D,0x67
0xF1E,0x9B
0xF1F,0xD0
0xF20,0x04
0xF21,0x39
0xF22,0x6E
0xF23,0xA3
0xF24,0xD9
0xF25,0x0E
0xF26,0x44
0xF27,0x7A
0xF28,0xB0
0xF29,0xE7
0xF2A,0x1D
0xF2B,0x54
0xF2C,0x8B
0xF2D,0xC2
0xF2E,0xF9
0xF2F,0x31
0xF30,0x68
0xF31,0xA0
0xF32,0xD8
0xF33,0x11
0xF34,0x49
0xF35,0x82
0xF36,0xBB
0xF37,0xF4
0xF38,0x2E
0xF39,0x67
0xF3A,0xA1
0xF3B,0xDB
0xF3C,0x15
0xF3D,0x50
0xF3E,0x8A
0xF3F,0xC5
0xF40,0x00
0xF41,0x3B
0xF42,0x77
0xF43,0xB2
0xF44,0xEE
0xF45,0x2A
0xF46,0x67
0xF47,0xA3
0xF48,0xE0
0xF49,0x1D
0xF4A,0x5A
0xF4B,0x98
0xF4C,0xD5
0xF4D,0x13
0xF4E,0x51
0xF4F,0x90
0xF50,0xCE
0xF51,0x0D
0xF52,0x4C
0xF53,0x8B
0xF54,0xCB
0xF55,0x0A
0xF56,0x4A
0xF57,0x8A
0xF58,0xCB
0xF59,0x0B
0xF5A,0x4C
0xF5B,0x8D
0xF5C,0xCF
0xF5D,0x10
0xF5E,0x52
0xF5F,0x94
0xF60,0xD6
0xF61,0x19
0xF62,0x5C
0xF63,0x9F
0xF64,0xE2
0xF65,0x25
0xF66,0x69
0xF67,0xAD
0xF68,0xF1
0xF69,0x36
0xF6A,0x7A
0xF6B,0xBF
0xF6C,0x05
0xF6D,0x4A
0xF6E,0x90
0xF6F,0xD6
0xF70,0x1C
0xF71,0x62
0xF72,0xA9
0xF73,0xF0
0xF74,0x37
0xF75,0x7F
0xF76,0xC7
0xF77,0x0F
0xF78,0x57
0xF79,0x9F
0xF7A,0xE8
0xF7B,0x31
0xF7C,0x7B
0xF7D,0xC4
0xF7E,0x0E
0xF7F,0x58
0xF80,0xA3
0xF81,0xED
0xF82,0x38
0xF83,0x83
0xF84,0xCF
0xF85,0x1B
0xF86,0x67
0xF87,0xB3
0xF88,0xFF
0xF89,0x4C
0xF8A,0x99
0xF8B,0xE7
0xF8C,0x34
0xF8D,0x82
0xF8E,0xD1
0xF8F,0x1F
0xF90,0x6E
0xF91,0xBD
0xF92,0x0C
0xF93,0x5C
0xF94,0xAC
0xF95,0xFC
0xF96,0x4D
0xF97,0x9E
0xF98,0xEF
0xF99,0x40
0xF9A,0x92
0xF9B,0xE4
0xF9C,0x36
0xF9D,0x89
0xF9E,0xDC
0xF9F,0x2F
0xFA0,0x82
0xFA1,0xD6
0xFA2,0x2A
0xFA3,0x7F
0xFA4,0xD3
0xFA5,0x29
0xFA6,0x7E
0xFA7,0xD3
0xFA8,0x29
0xFA9,0x80
0xFAA,0xD6
0xFAB,0x2D
0xFAC,0x84
0xFAD,0xDC
0xFAE,0x34
0xFAF,0x8C
0xFB0,0xE4
0xFB1,0x3D
0xFB2,0x96
0xFB3,0xF0
0xFB4,0x49
0xFB5,0xA3
0xFB6,0xFE
0xFB7,0x59
0xFB8,0xB4
0xFB9,0x0F
0xFBA,0x6B
0xFBB,0xC7
0xFBC,0x23
0xFBD,0x80
0xFBE,0xDD
0xFBF,0x3A
0xFC0,0x98
0xFC1,0xF6
0xFC2,0x54
0xFC3,0xB3
0xFC4,0x12
0xFC5,0x72
0xFC6,0xD1
0xFC7,0x32
0xFC8,0x92
0xFC9,0xF3
0xFCA,0x54
0xFCB,0xB6
0xFCC,0x17
0xFCD,0x7A
0xFCE,0xDC
0xFCF,0x3F
0xFD0,0xA2
0xFD1,0x06
0xFD2,0x6A
0xFD3,0xCF
0xFD4,0x33
0xFD5,0x98
0xFD6,0xFE
0xFD7,0x64
0xFD8,0xCA
0xFD9,0x30
0xFDA,0x97
0xFDB,0xFF
0xFDC,0x66
0xFDD,0xCF
0xFDE,0x37
0xFDF,0xA0
0xFE0,0x09
0xFE1,0x73
0xFE2,0xDD
0xFE3,0x47
0xFE4,0xB2
0xFE5,0x1D
0xFE6,0x88
0xFE7,0xF4
0xFE8,0x60
0xFE9,0xCD
0xFEA,0x3A
0xFEB,0xA8
0xFEC,0x15
0xFED,0x84
0xFEE,0xF2
0xFEF,0x61
0xFF0,0xD1
0xFF1,0x41
0xFF2,0xB1
0xFF3,0x22
0xFF4,0x93
0xFF5,0x04
0xFF6,0x76
0xFF7,0xE8
0xFF8,0x5B
0xFF9,0xCE
0xFFA,0x42
0xFFB,0xB6
0xFFC,0x2A
0xFFD,0x9F
0xFFE,0x14
0xFFF,0x8A
